"Name","Sequence","Comment","Quality_score"
"Sequence_1","GCTTACGTATCCTGATTGTCTTCTCTACCTGCGGATATTGCGCCCGGAGCGCCTGCAGTCTCCTAACAACTGGGCTCGTGACGTATGTCAAGGTACTGTT","Comment_1","/A+.43AC>10@""6&640>1GI-7H(669%(642$1E3D-G=3?*3$+#;GDC&&G5@=6>H,16$FDI""%I4'8:0+H*32:?H""%9$0$<3D8485,B"
"Sequence_2","CGTTACGAATCCTGTTGGTCTTCCCCACCCGGGGATATTGCGCCCGGACTCCCTGGAATATCCTATCAAGTAGGCACGTGATGTATGTCAAAGTACTGCC","Comment_2","EDDBF4B1)#:IA><*64(9C:6D>$G;1#(>0G1HBGBA@1F9&51!/&144:I-4G:4H3/H98DG<""$&:*D3:<.=9&@*2(D>HE,<+=-#$*)'"
"Sequence_3","GCATACGAATACTGATTGTCTTCTCTACCTGCGGATATTGCGCCCGGAGCGCCTGCTGTATCCTAACAACTGGGCTCGTGACGTATGTGAAGGTACTGTC","Comment_3",",8!;?50A-3=F""H>@H3472""&@@-&($A,>095))%),I??I:B6)F'G:IH5-:9)!+7G?)0><3@3$C9H$,>7G""5=%35.3'))69'F9$H%2"
"Sequence_4","CCTTACGAATCCCGTATGTCTTCTCCATGCGCGGATATTGCGCCCCGAGTGCCTGTAGTATCATAACAACTAGCCTCGTGACGTATGTGAAGTTACTGTC","Comment_4","HC*('CGE&/5I0EB),FAA'.*%/""=$3!,B51?.)!<)%I)&0>+?)&<3E/I<@EI+D(/<%B3*!&1/4C9I?E<*#"";>6,()A.=!%64$8D58"
"Sequence_5","CCTTACGAATCACGTTTGTCTTCTCCACCCCCGGATATTGCGCCCCGAGTGCGTGTAGTGTCATTACAACTCGGCTCGTGACGTCTGTCAAGTTACTGTG","Comment_5","G'.B266=7)(=>H$<@HE8).60;<+1&92*?0&0:'%IF9/BH?2$F1$)A.C:++0G.'5GH$9A)FE+3@;40#8-/-(,)=IEA51*@61?)-/)"
"Sequence_6","CCGGACGAGTCCTGTTTATCTTCTCCACCCGCCGCTATTGCGCCCGGACTCCCTGGATTATCGTAACAACTAGGCTCGTGACGTATGTCAAAATGCTGCC","Comment_6","-6GC'?(@4H84*E;874=&8#990>G(>7E""7=;AE32,I'8(1<'.=HI>=?,E7I>C34+D""C:8-0HC964B4;I0=,G7&F%630?2F$=$>7':"
"Sequence_7","CCTTACGAATCCTGTTCGTCTTCTCCACCCTCGGATATTGCGCCCGGAACGCCTGTAGTATCGTAACAACTAGGCTCGTGACGTATGTCAAGGTACTGTC","Comment_7","!;52FD!8+3-1$IB0H*>A9+G=;3E-<A)9!6*A75G>)B+!?@9'*!B%B'?>,!H/""AFDC5'3@I'/I?D)+<#%:G!+(/0?H(!('>*F8,-$"
"Sequence_8","TCTTACGAAACCCTTTTGTCTTCTCCACCCGCGGATAGTGCGCCCCGAGTCCCTGTAGTATCATATCACCTAGGCTCGTGACGTATGTCAAGTTACTGTC","Comment_8","7B%?>"":('<I,8/!/$&7+AC#/%/*-59=B(3$E2$(G>;=A;/0$:+58!I/$H8/*&?D>8G90$-!,,9/BG&-DA?D864?25:5(8<?5;8D#"
"Sequence_9","CGTTAGGACTCCTGTTTGTCTTCTCCACCCGCGGATAGTGCGCCCGTACTCCCTGGAATATCGTAAGAACTAGGCTCGTGACGTATGTCAAAGTACTGCC","Comment_9","=(904?E:9#&18F1""<D#87A64>5$?+1H*>>#""(<4A9DAB4C/'FH#(D/&?1.:2/;;>EI+#07E?EH0D6I:D!(F46=%D-0$F85E*648$"
"Sequence_10","CCGCACGAATCCTGTTTGTCTTCTCCACACTCGGATAGTACGACCGGAGCGTATGTAGAATCTTAACAACTAGGCCCGTGACGTATGTCAAGGGACTGTC","Comment_10","!CC)F2%/:E,.-//<91F95->'""I:%?-?""$2,2+956$;!$""H-74:*>C:.H=<1C='4FDICA(8/$&&AH34D8(&?AH-$-<4?<+;2.<<#9"
